slug,title,category,keywords,relatedTools
long-narrow-bedroom-layout,長型房間怎麼擺？狹長臥室床、書桌、衣櫃配置指南,room-planning,長型房間怎麼擺、狹長臥室配置、長方形房間佈置,/zh/room-layout-planner/ | /zh/bed-desk-wardrobe-layout/
square-bedroom-layout,正方形房間怎麼規劃？床位、衣櫃、書桌與視覺平衡配置,room-planning,正方形房間配置、正方形臥室、房間家具擺放,/zh/room-layout-planner/ | /zh/furniture-fit-checker/
l-shaped-room-layout,L 型房間怎麼規劃？畸零角落、床位、工作區與收納配置,room-planning,L型房間配置、畸零房間佈置、不規則房間規劃,/zh/room-layout-planner/ | /zh/small-bedroom-layout/
no-window-bedroom-layout,無窗房間怎麼佈置？通風、燈光、收納與睡眠舒適度建議,bedroom,無窗房間佈置、無窗臥室、暗房佈置,/zh/room-layout-planner/ | /zh/small-bedroom-layout/
bedroom-with-balcony-layout,有陽台的房間怎麼規劃？床位、落地窗、曬衣區與動線安排,bedroom,有陽台房間配置、落地窗臥室、陽台房床位,/zh/room-layout-planner/ | /zh/bed-desk-wardrobe-layout/
door-facing-window-room-layout,門對窗的房間怎麼規劃？穿堂風、床位、收納與風水參考,feng-shui,門對窗房間、穿堂風房間、門對窗化解,/zh/feng-shui-bedroom-checker/ | /zh/room-layout-planner/
beam-over-desk-bed-layout,房間有橫樑怎麼辦？床下壓樑、書桌壓樑與配置改善方法,feng-shui,床壓樑、書桌壓樑、房間橫樑,/zh/feng-shui-bedroom-checker/ | /zh/bed-desk-wardrobe-layout/
air-conditioner-bedroom-layout,冷氣位置會影響床位嗎？避開直吹、書桌與衣櫃配置建議,bedroom,冷氣直吹床、冷氣位置床位、臥室冷氣配置,/zh/bed-desk-wardrobe-layout/ | /zh/room-layout-planner/
plug-outlet-room-layout,插座位置怎麼影響房間配置？床邊充電、書桌電腦與延長線安全,room-planning,房間插座位置、床邊插座、書桌插座,/zh/room-layout-planner/ | /zh/furniture-fit-checker/
humid-bedroom-layout,潮濕房間怎麼佈置？床位、衣櫃、除濕與通風收納建議,bedroom,潮濕房間佈置、房間潮濕、衣櫃發霉,/zh/room-layout-planner/ | /zh/bed-desk-wardrobe-layout/
pet-friendly-room-layout,有寵物的房間怎麼規劃？貓狗動線、床位、收納與安全配置,room-planning,寵物房間佈置、貓房間配置、狗房間配置,/zh/room-layout-planner/ | /zh/small-bedroom-layout/
home-office-bedroom-layout,臥室兼辦公室怎麼規劃？床與工作區分離、視訊背景與收納,bedroom,臥室兼辦公室、居家辦公房間、房間工作區,/zh/bed-desk-wardrobe-layout/ | /zh/room-layout-planner/
makeup-table-bedroom-layout,化妝桌放哪裡最好？臥室光線、鏡子、收納與風水注意事項,bedroom,化妝桌放哪裡、臥室化妝桌、化妝桌鏡子對床,/zh/feng-shui-bedroom-checker/ | /zh/bed-desk-wardrobe-layout/
dresser-nightstand-layout,床頭櫃一定要放嗎？小房間床邊收納、插座與替代方案,storage,床頭櫃要不要、床邊收納、床頭櫃替代,/zh/small-bedroom-layout/ | /zh/furniture-fit-checker/
bunk-bed-small-room-layout,上下舖適合小房間嗎？學生房、兒童房與收納動線注意事項,small-room,上下舖小房間、學生房上下舖、兒童房上下舖,/zh/small-bedroom-layout/ | /zh/furniture-fit-checker/
shared-bedroom-layout,兩人共用房間怎麼規劃？床位、書桌、衣櫃分區與隱私配置,bedroom,兩人共用房間、共用房間配置、雙床房間,/zh/room-layout-planner/ | /zh/small-bedroom-layout/
minimalist-bedroom-layout,極簡房間怎麼佈置？少物生活、收納位置與視覺留白指南,storage,極簡房間佈置、少物房間、簡約臥室,/zh/room-layout-planner/ | /zh/small-bedroom-layout/
bedroom-color-layout,房間顏色怎麼選？小房間、暗房、睡眠區與書桌區配色建議,bedroom,房間顏色、臥室配色、小房間顏色,/zh/small-bedroom-layout/ | /zh/room-layout-planner/
sleep-quality-bedroom-layout,睡眠品質不好可能和房間配置有關：床位、光線、噪音與雜物檢查,bedroom,睡眠品質房間配置、睡不好房間、臥室影響睡眠,/zh/feng-shui-bedroom-checker/ | /zh/bed-desk-wardrobe-layout/
renter-no-drill-storage,租屋不能釘牆怎麼收納？免釘掛架、落地層架與床下收納指南,storage,租屋不能釘牆收納、免釘收納、租屋房間整理,/zh/rental-room-layout/ | /zh/small-bedroom-layout/
ikea-style-small-room-planning,小房間買家具前怎麼規劃？床、層架、書桌、收納櫃尺寸檢查,room-planning,小房間買家具、家具尺寸檢查、小房間家具,/zh/furniture-fit-checker/ | /zh/small-bedroom-layout/
floor-plan-before-moving-guide,搬家前先畫房間平面圖：家具落點、搬入順序與尺寸檢查,moving,搬家前平面圖、搬家家具配置、新家平面圖,/zh/moving-furniture-size-check/ | /zh/room-layout-planner/
first-apartment-room-layout,第一次租屋房間怎麼規劃？新手租屋族床、桌、收納與生活動線,small-room,第一次租屋房間、新手租屋佈置、租屋房間配置,/zh/rental-room-layout/ | /zh/room-layout-planner/
tiny-room-layout-under-5-ping,5 坪以下小房間怎麼佈置？床、書桌、衣櫃取捨與收納策略,small-room,5坪房間佈置、5坪以下房間、超小房間配置,/zh/small-bedroom-layout/ | /zh/furniture-fit-checker/
room-layout-for-couples-renting,情侶租屋房間怎麼規劃？雙人床、兩人收納、書桌與作息分區,small-room,情侶租屋房間、雙人租屋配置、情侶房間收納,/zh/studio-apartment-layout/ | /zh/room-layout-planner/
room-layout-for-students-dorm,宿舍房間怎麼整理？床位、書桌、衣櫃、共用空間與收納規則,bedroom,宿舍房間整理、學生宿舍佈置、宿舍收納,/zh/small-bedroom-layout/ | /zh/room-layout-planner/
seasonal-room-reset-guide,換季房間整理怎麼做？衣物、寢具、除濕、床位與收納重整,storage,換季房間整理、換季收納、房間整理方法,/zh/small-bedroom-layout/ | /zh/room-layout-planner/
room-layout-for-small-business-studio,小工作室空間怎麼規劃？拍攝、辦公、收納與休息區配置,room-planning,小工作室規劃、個人工作室配置、拍攝房間佈置,/zh/room-layout-planner/ | /zh/furniture-fit-checker/
feng-shui-entry-bedroom-doorway,房間門口怎麼整理？入口動線、收納、風水與第一印象,feng-shui,房間門口整理、房間入口風水、門口收納,/zh/feng-shui-bedroom-checker/ | /zh/room-layout-planner/
room-layout-for-newlyweds,新婚房間怎麼規劃？雙人床、收納、梳妝區與睡眠動線,bedroom,新婚房間規劃、新婚房佈置、雙人臥室配置,/zh/bed-desk-wardrobe-layout/ | /zh/feng-shui-bedroom-checker/
feng-shui-bedroom-plant-placement,臥室可以放植物嗎？床邊、窗邊、書桌與風水擺放建議,feng-shui,臥室放植物、房間植物風水、植物放床邊,/zh/feng-shui-bedroom-checker/ | /zh/room-layout-planner/
room-layout-for-parents-baby,臥室加嬰兒床怎麼規劃？父母房、夜間動線、收納與安全配置,bedroom,臥室嬰兒床配置、嬰兒床放哪裡、父母房嬰兒床,/zh/room-layout-planner/ | /zh/furniture-fit-checker/
